date,open,high,low,close,volume,daily_return_pct,7d_ma,30d_ma,volatility_30d,cumulative_return_pct
2024-05-27,21907.62,22036.87,21798.13,22000.0,45782888,,,,,0.0
2024-05-28,21957.76,21984.4,21810.55,21979.03,38263925,-0.09531818181818252,,,,-0.1
2024-05-29,22115.62,22236.94,22050.79,22143.5,41326009,0.7483041790288247,,,,0.65
2024-05-30,22278.51,22486.82,22291.79,22329.77,58648091,0.8411949330503266,,,,1.5
2024-05-31,22161.87,22227.49,21972.69,22206.95,104130441,-0.5500280567153126,,,,0.94
2024-06-03,22059.31,22351.05,21882.22,22090.15,77302033,-0.52596146701821,,,,0.41
2024-06-04,22071.45,22127.91,21693.95,21964.08,102727325,-0.570706853507108,22101.93,,,-0.16
2024-06-05,22507.67,22446.8,22366.68,22444.16,75400355,2.185750552720611,22165.38,,,2.02
2024-06-06,22693.11,23136.12,22604.84,22790.79,77794979,1.5444106618381026,22281.34,,,3.59
2024-06-07,23051.39,23022.75,22880.38,22965.86,41467164,0.7681611738777017,22398.82,,,4.39
2024-06-10,22922.24,22962.25,22534.63,22891.72,43494287,-0.32282701366288524,22479.1,,,4.05
2024-06-11,22934.39,22910.68,22764.4,22845.16,115144283,-0.2033923182705455,22570.27,,,3.84
2024-06-12,22905.22,22977.85,22882.13,22941.54,42506047,0.4218836725153219,22691.9,,,4.28
2024-06-13,23456.77,23576.84,23445.09,23465.1,117894391,2.282148452109123,22906.33,,,6.66
2024-06-14,23639.75,23624.84,23503.22,23546.45,46706369,0.3466850769866747,23063.8,,,7.03
2024-06-17,23626.44,23706.81,23585.82,23680.29,113241723,0.5684084012664403,23190.87,,,7.64
2024-06-18,23180.99,23252.8,22966.95,23085.07,95578042,-2.5135671902666745,23207.9,,,4.93
2024-06-19,23233.9,23457.58,22899.44,23157.83,69903981,0.3151820635588276,23245.92,,,5.26
2024-06-20,22955.14,22967.04,22518.33,22845.35,34998645,-1.349349226589902,23245.95,,,3.84
2024-06-21,22705.94,23238.41,22658.47,22745.91,91035291,-0.43527457447576356,23218.0,,,3.39
2024-06-24,22709.13,22855.03,22673.5,22769.3,51797603,0.10283167391411663,23118.6,,,3.5
2024-06-25,22674.2,22899.94,22500.11,22712.62,38554398,-0.24893167554558282,22999.48,,,3.24
2024-06-26,22682.31,22616.96,22467.82,22579.65,71025568,-0.5854454483894767,22842.25,,,2.63
2024-06-27,22412.01,22743.09,22098.82,22449.49,92803030,-0.5764482620412625,22751.45,,,2.04
2024-06-28,22428.82,22598.56,22215.01,22414.21,20435643,-0.15715279055338316,22645.22,,,1.88
2024-07-01,22347.57,22562.56,22238.98,22369.12,86649133,-0.2011670275240629,22577.19,,,1.68
2024-07-02,22362.88,22489.14,22310.7,22386.11,108677424,0.07595292081226113,22525.79,,,1.76
2024-07-03,22317.62,22433.13,22146.02,22386.26,113896086,0.0006700583531360493,22471.07,,,1.76
2024-07-04,22695.66,22776.89,22664.91,22687.25,58956314,1.3445300822915618,22467.44,,,3.12
2024-07-05,22308.86,22254.02,21953.68,22231.18,101754584,-2.0102480468104367,22417.66,22636.8,,1.05
2024-07-08,22197.97,22329.89,22121.37,22298.42,38735519,0.30245807914828227,22396.08,22646.74,1.0342,1.36
2024-07-09,22413.67,22644.59,22282.15,22326.77,29814615,0.12713905290151484,22383.59,22658.34,1.034,1.49
2024-07-10,22345.89,22462.61,22081.52,22308.98,100485496,-0.07968013286292486,22375.0,22663.85,1.0259,1.4
2024-07-11,22188.54,22299.69,22017.99,22162.67,33464891,-0.6558345563087209,22343.08,22658.28,1.0215,0.74
2024-07-12,22169.41,22462.71,21965.14,22141.54,66660043,-0.09534049823418655,22308.12,22656.1,1.0167,0.64
2024-07-15,21744.9,21920.35,21376.44,21789.3,71985634,-1.5908559205908945,22179.84,22646.07,1.0535,-0.96
2024-07-16,21828.26,22125.92,21797.51,21846.8,69999950,0.2638909923678101,22124.93,22642.16,1.05,-0.7
2024-07-17,22010.06,22079.4,21691.09,21944.39,33491953,0.4467015764322513,22074.35,22625.5,0.9693,-0.25
2024-07-18,21758.64,21939.48,21730.24,21800.85,41104159,-0.6541079519640336,21999.22,22592.51,0.9251,-0.91
2024-07-19,22232.73,22309.29,22143.19,22239.4,106032082,2.0116188130279378,21989.28,22568.29,0.9928,1.09
2024-07-22,22117.99,22415.43,22135.45,22224.75,56570182,-0.06587407933668077,21998.15,22546.06,0.9919,1.02
2024-07-23,22298.93,22370.33,22161.68,22246.97,45832319,0.09997862743114094,22013.21,22526.12,0.9923,1.12
2024-07-24,22540.29,22567.96,22491.21,22558.85,99508676,1.4018987754287338,22123.14,22513.36,1.0251,2.54
2024-07-25,23064.29,23260.63,22678.34,23058.44,69328185,2.214607570864646,22296.24,22499.81,1.0199,4.81
2024-07-26,22722.29,23059.16,22698.55,22810.18,20058791,-1.076655662742143,22419.92,22475.26,1.0337,3.68
2024-07-29,22801.73,22772.64,22648.35,22690.16,100487892,-0.5261685791168702,22546.96,22442.26,1.0285,3.14
2024-07-30,22634.49,22721.01,22269.72,22679.28,64919407,-0.04795030092340502,22609.8,22428.73,0.9254,3.09
2024-07-31,22552.48,22636.19,22504.81,22522.07,61764274,-0.6931877907940587,22652.28,22407.54,0.9298,2.37
2024-08-01,22745.12,22982.39,22543.3,22726.66,111808952,0.9083978515296298,22720.81,22403.59,0.9155,3.3
2024-08-02,22608.17,22565.1,22309.39,22543.89,87247982,-0.8042096814930177,22718.67,22396.85,0.9238,2.47
2024-08-05,22797.12,22848.6,22701.22,22844.22,83443782,1.3322013192931692,22688.07,22399.35,0.9564,3.84
2024-08-06,23059.37,23068.35,22749.45,23000.5,60822948,0.6841117796974494,22715.25,22408.95,0.9627,4.55
2024-08-07,23255.78,23430.19,23058.1,23283.13,109831126,1.228799373926659,22799.96,22432.39,0.9785,5.83
2024-08-08,23076.43,23281.36,22700.07,23096.95,76886602,-0.7996347570107587,22859.63,22453.98,0.9847,4.99
2024-08-09,23060.26,23051.82,22999.18,23020.5,89835081,-0.3309960838985271,22930.84,22474.19,0.9867,4.64
2024-08-12,23307.72,23290.17,23199.55,23241.65,42639736,0.9606654937990067,23004.41,22503.27,0.9975,5.64
2024-08-13,23461.51,23689.36,23137.83,23422.42,30739924,0.7777847097774737,23129.91,22537.81,1.0043,6.47
2024-08-14,23461.16,23404.23,23314.18,23367.72,50461750,-0.23353692743959265,23204.7,22570.53,1.0065,6.22
2024-08-15,23296.5,23419.27,23086.35,23346.66,39247610,-0.09012432535139281,23254.15,22592.51,0.9815,6.12
2024-08-16,23350.59,23510.7,23112.15,23257.42,37366568,-0.3822388298797441,23250.47,22626.72,0.9026,5.72
2024-08-19,23144.4,23507.19,22933.17,23230.15,119224467,-0.1172529025145419,23269.5,22657.78,0.9035,5.59
2024-08-20,23053.75,23026.46,22897.75,23017.04,61970464,-0.9173853806368037,23269.01,22680.78,0.9239,4.62
2024-08-21,22777.77,22901.28,22479.7,22766.93,27026855,-1.0866297317118079,23201.19,22696.05,0.9488,3.49
2024-08-22,23009.06,23064.17,22839.85,23010.29,23804130,1.0689188221688184,23142.32,22724.3,0.9554,4.59
2024-08-23,22931.99,23080.57,22548.56,22975.44,60859169,-0.15145397993681087,23086.28,22752.1,0.9559,4.43
2024-08-26,23255.68,23371.57,22986.3,23254.81,66406627,1.2159505976817142,23073.15,22800.95,0.9185,5.7
2024-08-27,23328.25,23599.6,23212.43,23407.42,28661978,0.656251330369928,23094.58,22852.97,0.922,6.4
2024-08-28,23463.34,23541.5,23352.16,23494.04,27707410,0.3700535983889086,23132.28,22904.63,0.9215,6.79
2024-08-29,23245.25,23374.43,23285.64,23338.91,32928708,-0.6602951216563957,23178.26,22955.9,0.9217,6.09
2024-08-30,23083.64,23164.24,22923.88,23067.06,88148926,-1.1647930430341402,23221.14,22983.48,0.8921,4.85
2024-09-02,22880.78,23136.76,22947.93,22973.65,52150748,-0.40494974218647783,23215.9,23008.45,0.8968,4.43
2024-09-03,23261.85,23583.94,23255.18,23341.13,107624713,1.5995716832109874,23268.15,23044.92,0.9368,6.1
2024-09-04,23465.55,23622.45,23434.94,23563.23,62103927,0.9515391928325512,23312.21,23078.4,0.9198,7.11
2024-09-05,23417.77,23519.74,23261.77,23445.6,36653946,-0.4992099979502007,23317.66,23091.3,0.8396,6.57
2024-09-06,23433.2,23369.62,23337.12,23353.34,41669110,-0.39350667076124557,23297.56,23109.41,0.8167,6.15
2024-09-09,23241.81,23213.67,22818.49,23147.62,100731495,-0.8809018324573703,23270.23,23124.66,0.8283,5.22
2024-09-10,22701.93,22931.36,22760.19,22799.54,77866124,-1.5037399093297599,23232.02,23128.67,0.8766,3.63
2024-09-11,22866.28,23021.62,22491.42,22835.55,21817820,0.15794178303596418,23212.29,23139.12,0.8664,3.8
2024-09-12,23288.14,23273.37,23035.55,23245.28,95158276,1.7942637685538498,23198.59,23156.4,0.9107,5.66
2024-09-13,23673.3,23733.16,23478.81,23665.31,81294073,1.8069474749282444,23213.18,23193.78,0.9474,7.57
2024-09-16,23863.24,23938.38,23646.87,23823.46,50557241,0.6682777449355193,23267.16,23226.42,0.9267,8.29
2024-09-17,23628.88,23917.49,23510.62,23691.98,76239231,-0.5518929660091376,23315.53,23249.47,0.9294,7.69
2024-09-18,23356.6,23818.43,23208.5,23359.01,116921274,-1.405412295637598,23345.73,23252.0,0.9437,6.18
2024-09-19,23592.74,23696.57,23336.95,23618.51,62697420,1.1109203686286317,23462.73,23269.39,0.9512,7.36
2024-09-20,23640.7,23745.92,23638.11,23738.09,25118037,0.5062978147224451,23591.66,23293.31,0.9511,7.9
2024-09-23,23705.35,23848.41,23599.99,23675.62,48668007,-0.2631635485416117,23653.14,23307.77,0.9393,7.62
2024-09-24,23572.32,23643.23,23452.73,23573.45,96628172,-0.431540969148847,23640.02,23312.81,0.9337,7.15
2024-09-25,23675.85,24009.62,23536.38,23729.2,98076544,0.6607009156487598,23626.55,23324.86,0.9394,7.86
2024-09-26,23538.49,23911.7,23282.72,23544.69,50977061,-0.7775651939382788,23605.51,23331.46,0.9514,7.02
2024-09-27,23679.55,23878.29,23561.1,23614.54,64029548,0.2966698648400268,23642.01,23343.36,0.9492,7.34
2024-09-30,23407.72,23494.77,23285.56,23337.32,37704244,-1.173937751910481,23601.84,23346.94,0.9751,6.08
2024-10-01,23910.17,23952.82,23779.27,23874.48,78317875,2.301721020237113,23621.33,23375.52,1.0431,8.52
2024-10-02,23714.76,23921.43,23467.04,23722.41,88937728,-0.636956281351464,23628.01,23407.37,1.0282,7.83
2024-10-03,23908.72,23909.68,23822.44,23890.63,24282378,0.7091185086169682,23673.32,23436.71,1.0191,8.59
2024-10-04,23588.27,23656.2,23581.07,23615.42,29545529,-1.1519579014869108,23657.07,23458.04,1.0447,7.34
2024-10-07,23501.59,23607.27,23129.69,23589.68,79986666,-0.10899657935364848,23663.5,23469.21,1.0235,7.23
2024-10-08,23785.88,23950.17,23623.48,23813.12,88613759,0.9471938576530059,23691.87,23482.73,1.0308,8.24
2024-10-09,24097.9,24236.65,23944.61,24090.59,78123477,1.165198008492796,23799.48,23502.61,1.049,9.5
2024-10-10,24313.31,24342.52,23998.0,24289.31,48788706,0.8248863975519161,23858.74,23534.29,1.0475,10.41
2024-10-11,24374.72,24337.89,24134.44,24268.96,92405947,-0.08378171302519943,23936.82,23574.36,1.0193,10.31
2024-10-14,24186.44,24257.71,24018.95,24119.54,82012146,-0.6156835727612497,23969.52,23612.55,1.0242,9.63
2024-10-15,23787.88,23915.32,23633.79,23870.96,51236613,-1.030616670135509,24006.02,23630.21,1.0098,8.5
2024-10-16,24167.03,24536.35,24023.62,24246.03,57717406,1.5712396987804356,24099.79,23652.97,1.0343,10.21
2024-10-17,24187.74,24286.74,24196.53,24284.76,61865206,0.15973749104492008,24167.16,23680.95,1.0281,10.39
2024-10-18,24426.84,24423.73,24095.85,24368.8,40403207,0.34606065697169175,24206.91,23714.8,1.0242,10.77
2024-10-21,24719.42,25050.49,24627.65,24668.57,35058948,1.2301385378024277,24261.09,23765.49,1.0237,12.13
2024-10-22,24948.91,25067.19,24819.87,24828.16,74672053,0.646936567462153,24340.97,23833.11,0.973,12.86
2024-10-23,24815.53,24926.72,24476.22,24810.07,117220719,-0.07286081610557993,24439.62,23898.93,0.975,12.77
2024-10-24,25091.63,25119.18,24885.14,25010.0,78809323,0.8058421439359087,24602.34,23957.76,0.9381,13.68
2024-10-25,24885.97,24986.93,24833.04,24866.96,99745296,-0.5719312275090038,24691.05,23997.81,0.9017,13.03
2024-10-28,24583.63,24629.33,24416.14,24492.01,77741733,-1.5078240363920692,24720.65,24020.1,0.9466,11.33
2024-10-29,24909.07,24882.25,24491.48,24854.14,51508744,1.4785638255088163,24789.99,24058.83,0.9709,12.97
2024-10-30,24768.21,24765.87,24366.64,24732.87,93553353,-0.48792675988789114,24799.17,24104.63,0.9334,12.42
2024-10-31,24686.82,24838.47,24625.47,24670.76,96441811,-0.2511233027141624,24776.69,24139.7,0.9204,12.14
2024-11-01,24685.65,24769.31,24556.59,24630.73,31297549,-0.16225685791600997,24751.07,24169.46,0.9195,11.96
2024-11-04,24475.23,24549.25,24480.12,24494.91,81844121,-0.5514249882159428,24677.48,24196.77,0.9252,11.34
2024-11-05,24680.46,25003.91,24760.06,24780.43,32715228,1.1656299206651566,24665.12,24237.0,0.9384,12.64
2024-11-06,24773.23,24898.75,24849.65,24887.72,66930266,0.432962624135258,24721.65,24275.62,0.9352,13.13
2024-11-07,24820.13,24853.92,24600.3,24825.34,43582744,-0.2506456999676998,24717.54,24318.31,0.9218,12.84
2024-11-08,24544.29,24703.82,24261.25,24519.94,107633315,-1.2301946317754386,24687.12,24348.49,0.9567,11.45
2024-11-11,24505.0,24771.62,24556.49,24608.64,113187425,0.3617463990531755,24678.24,24390.86,0.9251,11.86
2024-11-12,23963.31,24267.65,23741.56,24014.49,65881039,-2.4143959194819264,24590.21,24395.53,0.9526,9.16
2024-11-13,24041.3,24135.98,24062.41,24084.16,58822304,0.29011650882446727,24531.53,24407.59,0.9454,9.47
2024-11-14,24438.93,24499.66,24374.09,24423.59,92989186,1.4093495475864692,24480.55,24425.36,0.9704,11.02
2024-11-15,24398.89,24766.18,23973.77,24453.05,32837078,0.12062108805461769,24418.46,24453.28,0.9422,11.15
2024-11-18,24663.82,25024.98,24380.88,24763.95,118884537,1.2714160401258834,24409.69,24492.42,0.9641,12.56
2024-11-19,24388.9,24602.32,24455.79,24470.91,67813521,-1.1833330304737322,24402.68,24514.34,0.9829,11.23
2024-11-20,24905.83,25304.72,24500.07,24987.3,36431080,2.1102198487918944,24456.78,24544.24,1.0322,13.58
2024-11-21,25364.16,25366.03,25227.56,25277.53,40967851,1.1615100471039197,24637.21,24577.18,1.0419,14.9
2024-11-22,25358.03,25645.64,25371.49,25412.84,36982748,0.5352975547848304,24827.02,24615.31,1.0435,15.51
2024-11-25,25327.95,25447.28,25007.25,25273.69,24844218,-0.5475578487095567,24948.47,24653.78,1.0418,14.88
2024-11-26,25110.0,25472.33,25030.89,25092.98,110127921,-0.7150123310050827,25039.89,24694.51,1.0309,14.06
2024-11-27,25208.67,25135.16,24899.88,25088.98,27006423,-0.01594071329910074,25086.32,24722.61,0.9967,14.04
2024-11-28,25349.35,25642.6,25367.84,25407.07,81894364,1.2678474772589432,25220.06,24760.02,1.0186,15.49
2024-11-29,24998.61,25255.85,24943.53,25084.31,87586427,-1.2703550625869031,25233.91,24783.87,1.0504,14.02
2024-12-02,24988.43,25241.58,24919.03,25100.88,77742937,0.06605722860226759,25208.68,24798.28,1.0286,14.09
2024-12-03,25235.04,25567.57,25297.43,25300.57,28560871,0.7955497974572845,25192.64,24814.03,1.0319,15.0
2024-12-04,25598.65,25620.15,25220.04,25551.62,115687490,0.992270134625417,25232.34,24838.75,1.0451,16.14
2024-12-05,25647.32,26110.02,25737.13,25754.14,86982145,0.7925916243275433,25326.8,24863.55,1.0448,17.06
2024-12-06,25335.62,25793.99,25266.91,25400.47,90131352,-1.3732549407590278,25371.29,24881.33,1.0725,15.46
2024-12-09,25795.66,26138.98,25443.05,25704.33,41484799,1.1962770767627529,25413.76,24921.74,1.0481,16.84
2024-12-10,25757.37,25748.12,25511.89,25736.02,37482130,0.12328662135911994,25506.86,24951.14,1.0184,16.98
2024-12-11,25359.08,25511.58,25192.98,25468.72,73172647,-1.038622133492273,25559.41,24975.67,1.0346,15.77
2024-12-12,25361.43,25553.7,25383.99,25476.66,91619329,0.03117549684474863,25584.57,25002.53,1.0326,15.8
2024-12-13,24878.2,25061.33,24783.04,24987.87,71830738,-1.9185795940284245,25504.03,25014.44,1.0965,13.58
2024-12-16,25258.52,25232.77,24983.37,25147.4,116190528,0.6384297661225391,25417.35,25036.19,1.0953,14.31
2024-12-17,25216.92,25317.0,25025.09,25129.0,41416125,-0.07316859794651576,25378.57,25047.81,1.0767,14.22
2024-12-18,24906.89,25193.68,24820.03,24821.27,104614746,-1.224601058537944,25252.42,25045.59,1.0988,12.82
2024-12-19,24867.54,24903.96,24614.53,24762.49,80974005,-0.23681302366881374,25113.34,25043.5,1.0987,12.56
2024-12-20,24600.97,24668.51,24201.93,24599.68,65564076,-0.6574863836391276,24989.2,25046.15,1.0815,11.82
2024-12-23,24391.99,24644.84,24350.32,24453.77,96102390,-0.5931377969144336,24843.07,25040.99,1.085,11.15
2024-12-24,23886.49,24072.71,23870.85,23910.08,96488447,-2.2233381601282742,24689.1,25037.51,1.0709,8.68
2024-12-25,23571.86,23805.47,23309.43,23520.38,76298099,-1.6298565291291367,24456.67,25018.72,1.1091,6.91
2024-12-26,23567.29,23566.17,23259.36,23479.0,83470128,-0.17593253170229417,24220.95,24987.23,1.0732,6.72
2024-12-27,23381.78,23681.91,23320.48,23396.97,40571362,-0.3493760381617528,24017.48,24952.03,1.073,6.35
2024-12-30,23648.01,23864.13,23574.0,23639.65,56114341,1.037228324864281,23857.08,24914.55,1.0631,7.45
2024-12-31,23603.73,23557.13,23417.56,23502.25,115164816,-0.5812268794165742,23700.3,24882.26,1.0485,6.83
2025-01-01,23298.67,23479.62,23314.34,23390.48,96210813,-0.47557148783626824,23548.4,24829.04,0.9607,6.32
2025-01-02,23374.63,23438.3,23282.06,23290.25,37712052,-0.4285076663668286,23459.85,24762.79,0.9253,5.86
2025-01-03,23177.71,23289.12,22985.48,23256.94,101946836,-0.1430212213265225,23422.22,24690.93,0.9132,5.71
2025-01-06,23287.54,23312.65,23064.35,23291.3,60090223,0.14774084638822238,23395.41,24624.85,0.9153,5.87
2025-01-07,23143.5,23233.97,23016.75,23208.85,92479471,-0.3539948392747516,23368.53,24562.05,0.9116,5.49
2025-01-08,23379.41,23802.88,23324.08,23355.37,62947221,0.6313109007986206,23327.92,24504.26,0.925,6.16
2025-01-09,23923.82,23952.21,23832.42,23909.82,91129226,2.3739722385044626,23386.14,24454.35,1.0055,8.68
2025-01-10,23695.71,24053.06,23719.78,23724.18,98157681,-0.7764173883366698,23433.82,24409.01,0.9912,7.84
2025-01-13,23917.63,23885.65,23803.11,23831.05,24626940,0.4504686779479794,23511.07,24366.69,0.997,8.32
2025-01-14,23889.5,23947.06,23794.12,23851.38,60997349,0.08530887224860173,23595.99,24318.38,0.9817,8.42
2025-01-15,24169.69,24324.46,23923.59,24116.34,53001263,1.1108791189440526,23713.86,24270.54,0.9868,9.62
2025-01-16,24094.61,24342.18,23903.61,24179.08,89777950,0.26015556257708017,23852.46,24218.03,0.9733,9.9
2025-01-17,24107.49,24231.42,23878.7,24015.48,40357412,-0.6766179689218998,23946.76,24171.87,0.9525,9.16
2025-01-20,23667.75,23846.16,23599.54,23746.81,101902875,-1.1187367481307775,23923.47,24106.62,0.9305,7.94
2025-01-21,23839.85,24074.18,23844.11,23906.12,81569657,0.6708690556752606,23949.47,24045.62,0.9436,8.66
2025-01-22,23570.27,23762.64,23529.65,23658.26,102583823,-1.0368056380541946,23924.78,23985.27,0.9435,7.54
2025-01-23,23939.38,24099.02,23876.93,23953.67,118710552,1.2486548038613154,23939.39,23934.51,0.9811,8.88
2025-01-24,24193.98,24152.24,23947.65,24100.54,53056678,0.613141952778018,23937.14,23904.93,0.9361,9.55
2025-01-27,24075.24,24239.35,24075.11,24134.99,58406465,0.14294285522233885,23930.84,23871.18,0.9266,9.7
2025-01-28,23799.1,24104.89,23630.21,23829.18,69701669,-1.2670815276907166,23904.22,23827.85,0.9493,8.31
2025-01-29,24087.69,24184.38,23825.43,24004.61,116816230,0.7361982241940401,23941.05,23800.63,0.9419,9.11
2025-01-30,24437.87,24576.09,24352.83,24409.12,118007274,1.6851346470531992,24012.91,23788.85,0.9965,10.95
2025-01-31,24379.28,24371.85,24113.6,24318.1,77472088,-0.37289341033187595,24107.17,23779.47,0.9918,10.54
2025-02-03,24080.69,24194.22,24076.8,24149.76,40089955,-0.6922415813735427,24135.19,23769.33,0.9939,9.77
2025-02-04,24193.04,24289.53,24122.15,24140.78,119182735,-0.037184634547093864,24140.93,23777.02,0.9042,9.73
2025-02-05,24201.7,24401.48,23985.25,24267.8,67122424,0.526163611946262,24159.91,23801.94,0.8513,10.31
2025-02-06,24269.05,24328.58,23806.98,24151.35,96805201,-0.4798539628643739,24205.93,23824.35,0.8566,9.78
2025-02-07,24398.26,24754.45,24213.53,24383.65,68519009,0.9618509938367881,24260.08,23857.24,0.8664,10.83
2025-02-10,24915.44,24972.58,24642.27,24866.79,77585152,1.9814096741053833,24325.46,23898.14,0.9158,13.03
2025-02-11,24868.11,25092.7,24691.74,24963.37,105808324,0.38838949458293026,24417.64,23946.85,0.9053,13.47
2025-02-12,24833.4,25103.53,24881.59,24895.47,68890445,-0.27199853224944004,24524.17,23997.01,0.9008,13.16
2025-02-13,24929.57,25418.4,24711.79,25019.71,118364044,0.49904661370119285,24649.73,24054.66,0.894,13.73
2025-02-14,25302.68,25465.38,25181.88,25330.5,87043103,1.2421806647639144,24801.55,24123.78,0.909,15.14
2025-02-17,25330.53,25436.31,25078.82,25385.32,112201542,0.2164189415921447,24977.83,24193.58,0.9087,15.39
2025-02-18,25582.99,25882.29,25362.19,25523.54,110903495,0.5444879166384364,25140.67,24270.74,0.9015,16.02
2025-02-19,25618.39,25751.78,25452.64,25719.03,22969137,0.7659204013236387,25262.42,24349.53,0.9034,16.9
2025-02-20,25570.67,25781.14,25245.6,25506.38,24933574,-0.8268196739923628,25339.99,24402.75,0.84,15.94
2025-02-21,25522.11,25699.44,25461.48,25638.58,29787763,0.5183016954973585,25446.15,24466.56,0.8201,16.54
2025-02-24,25230.64,25571.14,25265.68,25306.05,49883471,-1.2969907069736442,25487.06,24515.73,0.867,15.03
2025-02-25,25225.6,25372.83,24983.18,25152.17,86139422,-0.6080759344109454,25461.58,24559.08,0.8794,14.33
2025-02-26,25518.38,25570.99,25395.28,25456.58,34551858,1.2102733084262907,25471.76,24603.76,0.8832,15.71
2025-02-27,25688.13,25748.19,25396.9,25694.21,28766011,0.9334718175025847,25496.14,24654.26,0.8937,16.79
2025-02-28,25523.14,26103.65,25555.43,25638.51,45130420,-0.2167803563526638,25484.64,24708.36,0.8819,16.54
2025-03-03,26122.23,26098.91,26078.81,26093.55,72756167,1.7748301285839263,25568.52,24786.59,0.8884,18.61
2025-03-04,25739.44,25800.19,25714.79,25763.47,104914592,-1.264986941217272,25586.36,24848.5,0.9312,17.11
2025-03-05,25677.33,25757.44,25553.19,25724.53,66924413,-0.15114423639362995,25646.15,24917.38,0.9024,16.93
2025-03-06,25846.39,25956.15,25770.0,25810.15,94145832,0.33283406927162584,25740.14,24979.26,0.884,17.32
2025-03-07,25078.04,25129.28,24907.76,25093.95,117882898,-2.77487732539331,25688.34,25012.37,1.0392,14.06
2025-03-10,24965.84,25141.92,24746.21,25068.01,118750760,-0.10337152979105202,25598.88,25043.47,1.0401,13.95
2025-03-11,24900.97,25003.94,24695.04,24797.82,112759636,-1.0778278770432914,25478.78,25075.76,1.0319,12.72
2025-03-12,24604.56,24617.41,24503.91,24536.23,102415192,-1.054891115428691,25256.31,25093.48,1.0478,11.53
2025-03-13,24373.93,24495.2,24292.99,24482.54,49929513,-0.2188192725614324,25073.32,25095.93,1.0038,11.28
2025-03-14,24051.67,24218.29,23674.85,24045.64,47900535,-1.7845370619224976,24833.48,25086.85,1.0544,9.3
2025-03-17,23763.76,24056.13,23741.77,23863.18,93956810,-0.758807002017825,24555.34,25077.3,1.0559,8.47
2025-03-18,23522.03,23652.85,23295.5,23442.96,83991840,-1.760955580941015,24319.48,25054.03,1.102,6.56
2025-03-19,23511.77,23740.36,23448.0,23485.23,29528595,0.18030999498357403,24093.37,25027.95,1.0971,6.75
2025-03-20,23445.93,23634.52,23342.29,23522.98,45713753,0.16073932424762738,23911.25,25007.0,1.0958,6.92
2025-03-21,23341.01,23583.33,23300.95,23453.41,36028263,-0.29575334417663024,23756.56,24976.0,1.0784,6.61
2025-03-24,23590.96,24038.62,23497.51,23701.99,114581683,1.0598885194093466,23645.06,24937.17,1.0283,7.74
2025-03-25,23646.14,24117.87,23579.15,23644.4,102597387,-0.24297537886059928,23587.74,24893.2,1.0232,7.47
2025-03-26,23707.47,23720.96,23527.23,23652.04,56667551,0.03231209081220321,23557.57,24851.76,1.0238,7.51
2025-03-27,23360.29,23473.12,23192.34,23449.2,37082272,-0.8576004437672147,23558.46,24799.41,1.0234,6.59
2025-03-28,22853.98,22986.36,22790.78,22917.86,37283529,-2.2659195196424564,23477.41,24718.98,1.0516,4.17
2025-03-31,22857.46,23240.42,22846.89,22897.02,72538458,-0.09093344666561975,23387.99,24636.04,1.0477,4.08
2025-04-01,22781.64,23072.2,22646.74,22846.05,107654980,-0.22260538707657984,23301.22,24546.79,1.0347,3.85
2025-04-02,23227.21,23259.58,23198.49,23252.48,92016091,1.7789946183257133,23237.01,24464.57,1.0879,5.69
2025-04-03,23435.79,23698.66,23351.62,23421.82,80068218,0.7282664042717268,23205.21,24395.09,1.1004,6.46
2025-04-04,23380.47,23541.37,23149.69,23337.31,85936289,-0.36081739164590676,23160.25,24318.38,1.0901,6.08
2025-04-07,23492.04,23492.98,23084.8,23383.6,108773571,0.19835190945314274,23150.88,24254.3,1.0774,6.29
2025-04-08,23712.08,23944.17,23329.77,23610.36,62120337,0.9697394755298738,23249.81,24202.9,1.098,7.32
2025-04-09,23763.1,24171.57,23358.65,23746.45,56344040,0.576399512756276,23371.15,24145.9,1.0757,7.94
2025-04-10,24215.65,24585.15,24140.13,24159.08,53358745,1.7376492065129812,23558.73,24094.73,1.1149,9.81
2025-04-11,24088.4,24133.48,23805.22,23980.28,105326057,-0.7400944075685145,23662.7,24039.45,1.1193,9.0
2025-04-14,24128.35,24485.09,23899.79,24229.27,45496277,1.0383114792654746,23778.05,23977.31,1.0816,10.13
2025-04-15,24020.12,24342.4,24015.67,24139.46,82853486,-0.37066737875306455,23892.64,23923.18,1.0646,9.72
2025-04-16,24086.19,24405.96,24033.64,24199.98,104496864,0.25070983360853116,24009.27,23872.36,1.0679,10.0
2025-04-17,24092.65,24220.42,23937.36,24077.4,58434364,-0.506529344239115,24075.99,23814.6,1.0645,9.44
2025-04-18,24119.54,24181.75,23921.78,24056.31,59538026,-0.08759251414188762,24120.25,23780.01,0.9494,9.35
2025-04-21,24088.91,24387.27,24061.63,24120.97,71092045,0.2687860274497522,24114.81,23748.44,0.9523,9.64
2025-04-22,24289.59,24317.58,24185.41,24278.6,74636030,0.653497765637101,24157.43,23731.14,0.9449,10.36
2025-04-23,24311.08,24480.03,23715.05,24307.11,45076830,0.11742851729508175,24168.55,23723.5,0.9267,10.49
2025-04-24,23615.43,23726.82,23488.01,23711.52,103625801,-2.4502707232575194,24107.41,23697.8,1.0268,7.78
2025-04-25,23664.01,23730.39,23622.05,23706.3,113419506,-0.022014615680487903,24036.89,23686.49,0.9763,7.76
2025-04-28,23955.13,24193.07,23808.44,24070.81,62386132,1.5376081463577274,24035.95,23693.41,1.0078,9.41
2025-04-29,23969.91,24434.91,23829.97,24063.59,56534063,-0.02999483606908049,24036.99,23714.1,0.9493,9.38
2025-04-30,24516.62,24585.64,24039.38,24440.4,34808927,1.565892703457794,24082.62,23745.94,0.9868,11.09
2025-05-01,24504.82,24526.32,24422.68,24424.37,101829406,-0.0655881245806178,24103.44,23775.98,0.9874,11.02
2025-05-02,24123.57,24199.16,23976.66,24050.95,116364321,-1.5288828330065396,24066.85,23795.9,1.0305,9.32
2025-05-05,24013.71,24089.18,23831.45,23959.36,34839638,-0.3808165581816958,24102.25,23804.48,1.0172,8.91
2025-05-06,23907.74,24015.36,23619.26,23837.82,37552344,-0.5072756534398315,24121.04,23810.93,1.0209,8.35
2025-05-07,23836.6,24092.1,23369.37,23795.91,61170002,-0.1758130567308558,24081.77,23815.72,1.0216,8.16
2025-05-08,23564.8,23784.69,23203.9,23524.85,31150382,-1.1391033164943054,24004.81,23818.24,1.0312,6.93
2025-05-09,23575.21,23637.79,23453.96,23535.82,52510343,0.04663154068995645,23875.58,23838.84,0.9369,6.98
2025-05-12,23474.33,23482.82,23183.22,23471.03,34938496,-0.2752825268038328,23739.39,23857.98,0.9387,6.69
2025-05-13,23756.23,23887.54,23597.95,23788.73,58906236,1.3535835453322598,23701.93,23889.4,0.9646,8.13
2025-05-14,23565.9,23717.41,23436.19,23511.77,74262860,-1.1642487850339167,23637.99,23898.04,0.9415,6.87
2025-05-15,23535.57,23781.51,23487.48,23583.05,84369922,0.3031673072678043,23601.59,23903.42,0.9339,7.2
2025-05-16,23704.02,23733.28,23675.98,23693.85,79798437,0.4698289661430488,23587.01,23915.3,0.9343,7.7
2025-05-19,23876.17,23931.68,23610.54,23892.09,27935922,0.8366728075006824,23639.48,23932.25,0.9449,8.6
2025-05-20,23764.61,23921.16,23503.08,23817.81,95469198,-0.3108978745685276,23679.76,23939.16,0.932,8.26
2025-05-21,23997.42,23908.41,23834.56,23884.05,95130979,0.2781112117360873,23738.76,23943.75,0.9276,8.56
2025-05-22,23924.5,24117.44,23959.33,23982.36,63191796,0.41161360824484294,23766.43,23937.86,0.8731,9.01
2025-05-23,23552.24,23621.59,23557.62,23597.24,98459262,-1.6058469641853423,23778.64,23925.09,0.9112,7.26
2025-05-26,23452.78,23537.68,23441.5,23532.41,67114946,-0.2747355199167467,23771.4,23901.86,0.8884,6.97
2025-05-27,23613.76,23871.82,23302.96,23537.74,97687999,0.02264961387294928,23749.1,23881.81,0.887,6.99
2025-05-28,23591.29,23689.6,23512.41,23570.88,60550276,0.14079516555114413,23703.21,23860.84,0.8858,7.14
2025-05-29,23627.84,23839.89,23423.37,23601.16,114203633,0.12846359575882094,23672.26,23844.96,0.883,7.28
2025-05-30,23794.38,24031.7,23354.94,23718.35,44709383,0.49654339024014504,23648.59,23833.7,0.8888,7.81
2025-06-02,24156.72,24285.25,24160.6,24194.73,21670411,2.008487099650691,23678.93,23836.16,0.9635,9.98
2025-06-03,23989.25,24191.71,24053.34,24062.97,38131775,-0.5445814026442841,23745.46,23828.97,0.9609,9.38
2025-06-04,24095.89,24370.14,24042.4,24168.78,65849205,0.43972128128821897,23836.37,23824.36,0.9644,9.86
2025-06-05,24556.19,24857.6,24288.63,24499.2,32098297,1.3671356187610728,23973.72,23850.61,0.8801,11.36
2025-06-06,24096.15,24126.01,23877.48,24068.68,101664194,-1.7572818704284288,24044.84,23862.69,0.9439,9.4
2025-06-09,24076.19,24266.08,23912.81,24147.1,40236849,0.32581761858148095,24122.83,23865.24,0.9034,9.76
2025-06-10,23667.24,24051.37,23179.62,23751.54,98128534,-1.638126317445976,24127.57,23854.83,0.9525,7.96
2025-06-11,24195.82,24288.94,24257.59,24287.95,80865831,2.2584219802168626,24140.89,23849.75,0.9999,10.4
2025-06-12,24460.46,24720.57,24213.8,24429.24,59364473,0.5817287996722653,24193.21,23849.91,1.0058,11.04
2025-06-13,24415.46,24581.84,24344.9,24538.12,71091552,0.4456954043596806,24245.98,23866.15,0.9657,11.54
2025-06-16,23972.4,24227.33,23595.2,24088.43,63039181,-1.83261798377381,24187.29,23870.46,1.0238,9.49
2025-06-17,23952.84,24030.65,23713.37,23979.33,109792126,-0.452914531997306,24174.53,23875.17,1.0229,9.0
2025-06-18,23917.53,23947.08,23868.37,23871.85,77410293,-0.44821936225909464,24135.21,23877.7,1.0259,8.51
2025-06-19,24357.55,24510.69,24094.05,24310.14,80254294,1.8360118717233975,24215.01,23903.88,1.0538,10.5
2025-06-20,24485.19,24507.56,24189.25,24502.31,31424734,0.7904931851482555,24245.63,23936.1,1.0609,11.37
2025-06-23,24153.78,24267.03,24085.79,24107.72,45172044,-1.6104195890101813,24199.7,23957.32,1.106,9.58
2025-06-24,24240.3,24353.26,24221.98,24235.19,22991992,0.5287517857350155,24156.42,23972.2,1.0836,10.16
2025-06-25,23995.44,23993.76,23842.5,23881.54,100307915,-1.459241705965575,24126.87,23984.53,1.0965,8.55
2025-06-26,23423.3,23698.8,23301.57,23502.63,75236066,-1.586622973225349,24058.77,23981.85,1.1355,6.83
2025-06-27,23646.87,23771.3,23340.17,23623.09,72259985,0.5125383840021369,24023.23,23979.49,1.1361,7.38
2025-06-30,23811.46,23913.92,23723.5,23813.54,99819412,0.8062027448568321,23952.29,23976.87,1.1353,8.24
2025-07-01,23863.75,24255.72,23836.07,23936.88,43569518,0.5179406337739056,23871.51,23980.84,1.1377,8.8
2025-07-02,24464.66,24564.97,24342.05,24403.65,98010345,1.95000350922927,23913.79,23998.16,1.1904,10.93
2025-07-03,24452.89,24722.01,24506.95,24507.91,38640512,0.4272311723861,23952.75,24015.68,1.1905,11.4
2025-07-04,24534.48,24625.9,24482.65,24563.54,47861756,0.22698793981208443,24050.18,24047.89,1.1473,11.65
2025-07-07,24245.74,24485.2,24214.62,24276.13,116750245,-1.1700675065564603,24160.68,24072.68,1.1699,10.35
2025-07-08,24436.79,24587.3,24369.94,24499.46,86457001,0.9199571760408087,24285.87,24104.73,1.179,11.36
2025-07-09,24088.57,24240.5,23901.6,24105.28,64097518,-1.6089334213897022,24327.55,24122.55,1.2215,9.57
2025-07-10,24602.97,24672.33,24465.38,24609.53,111235976,2.09186535066177,24423.64,24156.16,1.2755,11.86
2025-07-11,24899.86,25115.98,24631.16,24839.2,68200470,0.9332563441886155,24485.86,24193.52,1.2821,12.91
2025-07-14,25619.17,25820.48,25414.77,25551.44,49060429,2.8674031369770203,24634.94,24238.75,1.3333,16.14
2025-07-15,25578.27,25839.62,25606.91,25665.9,79069962,0.44795909741290885,24792.42,24292.18,1.3267,16.66
2025-07-16,25942.24,26217.63,25704.82,25918.2,102911814,0.9830163758138166,25027.0,24350.49,1.3335,17.81
2025-07-17,25962.65,26008.06,25851.62,25860.19,83296158,-0.2238195553703637,25221.39,24395.86,1.3187,17.55
2025-07-18,25762.09,25873.23,25597.54,25863.27,41778969,0.011910198648967807,25472.53,24455.68,1.2673,17.56
2025-07-21,25596.6,25751.12,25316.37,25603.53,34206113,-1.004281361173598,25614.53,24504.22,1.2876,16.38
2025-07-22,25307.36,25580.18,25160.15,25244.16,49798829,-1.4035955198365202,25672.38,24553.98,1.2767,14.75
2025-07-23,25334.62,25518.71,25137.48,25306.4,73560933,0.2465520738262006,25637.38,24587.93,1.2168,15.03
2025-07-24,25206.83,25711.55,25023.86,25307.92,108090756,0.006006385736401221,25586.24,24617.22,1.2142,15.04
2025-07-25,25021.62,25239.42,24728.76,25047.52,49860028,-1.028926912997974,25461.86,24634.2,1.2306,13.85
2025-07-28,24836.34,24906.43,24760.57,24834.54,58082213,-0.8503037426459747,25315.33,24659.07,1.1904,12.88
2025-07-29,24979.72,24976.36,24776.55,24856.47,118844571,0.08830443406642186,25171.51,24688.3,1.1857,12.98
2025-07-30,24517.37,24988.93,24532.62,24596.42,38663996,-1.0462064806467053,25027.63,24712.46,1.2007,11.8
2025-07-31,24817.65,24714.84,24488.22,24698.5,77651049,0.4150197467761574,24949.68,24725.4,1.1573,12.27
2025-08-01,24417.55,24452.76,24404.78,24447.82,24909334,-1.0149604226977305,24827.03,24723.59,1.1649,11.13
2025-08-04,24450.96,24559.93,24306.84,24524.45,53234349,0.31344307999650045,24715.1,24737.48,1.1255,11.47
2025-08-05,24232.81,24270.05,24202.06,24253.64,87204720,-1.1042449473892435,24601.69,24738.09,1.1416,10.24
2025-08-06,24014.19,24075.09,23766.5,23986.84,28052546,-1.100041066000812,24480.59,24741.6,1.1275,9.03
2025-08-07,23361.94,23526.02,23310.75,23429.07,71124187,-2.3253167153322374,24276.68,24739.15,1.171,6.5
2025-08-08,23355.42,23497.88,23045.91,23404.23,45388192,-0.10602213404117267,24106.36,24731.85,1.1671,6.38
2025-08-11,23844.48,23948.17,23660.19,23760.24,108902377,1.5211352819554547,23972.33,24730.08,1.1916,8.0
2025-08-12,24228.37,24268.88,24074.41,24108.07,74733698,1.4639161893987618,23923.79,24735.78,1.2181,9.58
2025-08-13,24156.21,24388.37,24093.17,24200.21,105625284,0.38219567140795885,23877.47,24729.0,1.1654,10.0
2025-08-14,23642.27,23834.41,23578.33,23725.58,29862008,-1.9612639725027026,23802.03,24702.92,1.2142,7.84
2025-08-15,24010.74,23999.18,23541.03,23940.55,84500562,0.9060684712449474,23795.42,24682.16,1.2268,8.82
2025-08-18,24032.43,24013.52,23855.39,24008.31,76598697,0.28303443321060495,23878.17,24673.23,1.2108,9.13
2025-08-19,23827.68,24295.0,23579.68,23923.28,34062397,-0.35416903563808555,23952.32,24654.03,1.1986,8.74
2025-08-20,24335.94,24407.12,24010.31,24227.7,56389944,1.2724843750522519,24019.1,24658.11,1.1867,10.13
2025-08-21,24288.52,24609.75,24244.93,24391.44,70980079,0.6758379870974052,24059.58,24650.84,1.1283,10.87
2025-08-22,24918.42,24939.0,24718.09,24887.23,76251136,2.0326393193677905,24157.73,24652.44,1.1772,13.12
2025-08-25,24529.79,24579.33,24462.82,24548.46,98877029,-1.3612201920422673,24275.28,24619.0,1.0721,11.58
2025-08-26,24247.38,24363.77,24231.42,24233.66,20805064,-1.282361500477014,24317.15,24571.26,1.0866,10.15
2025-08-27,23895.31,24055.59,23787.25,23964.04,52553403,-1.1125847271934997,24310.83,24506.12,1.0761,8.93
2025-08-28,23953.48,24110.62,23805.13,23908.51,104160324,-0.23172219709198805,24308.72,24441.07,1.0761,8.68
2025-08-29,24416.24,24477.9,24182.27,24304.5,31844410,1.656272180909646,24319.69,24389.11,1.1307,10.47
2025-09-01,24155.2,24572.44,23886.29,24165.25,32518701,-0.5729391676438489,24287.38,24341.17,1.1229,9.84
2025-09-02,24037.51,24148.66,23873.75,24032.0,84802593,-0.5514116344751296,24165.2,24300.76,1.1016,9.24
2025-09-03,24083.6,24258.99,24139.31,24146.42,62412132,0.4761151797603169,24107.77,24262.1,1.1053,9.76
2025-09-04,24460.52,24673.73,24142.72,24365.04,70410592,0.9053930147823186,24126.54,24230.67,1.1218,10.75
2025-09-05,23941.55,23908.37,23704.93,23829.27,108696313,-2.198929285566531,24107.28,24190.06,1.1736,8.31
2025-09-08,24161.2,24218.51,23642.97,24092.23,27961240,1.1035168093693093,24133.53,24165.31,1.188,9.51
2025-09-09,23956.75,23962.13,23890.57,23946.51,108999349,-0.6048423080802445,24082.39,24134.98,1.1911,8.85
2025-09-10,24044.42,24024.1,23844.58,23935.09,67752570,-0.04768962157741807,24049.51,24112.94,1.1781,8.8
2025-09-11,24206.45,24502.27,24135.08,24290.53,110669128,1.4850163504712022,24086.44,24099.34,1.2095,10.41
2025-09-12,24245.82,24286.24,24080.81,24251.04,29433341,-0.1625736449554549,24101.39,24092.78,1.196,10.23
2025-09-15,23899.06,23989.7,23747.32,23890.08,47029442,-1.488431011618463,24033.54,24071.63,1.2236,8.59
2025-09-16,23546.55,23589.94,23490.43,23548.45,86013932,-1.4300077689149648,23993.42,24048.13,1.2344,7.04
2025-09-17,23625.86,23696.3,23370.13,23554.62,91573029,0.026201299873229722,23916.62,24033.72,1.2197,7.07
2025-09-18,23528.35,23580.64,23364.32,23488.33,38035731,-0.28143098891001417,23851.16,24035.7,1.1431,6.77
2025-09-19,23427.66,23682.71,23353.54,23515.46,61105008,0.11550416738863589,23791.22,24039.4,1.143,6.89
2025-09-22,23397.43,23791.21,23239.17,23433.41,41559830,-0.34891939175333286,23668.77,24028.51,1.1089,6.52
2025-09-23,23701.44,23910.84,23663.92,23739.64,89390756,1.3068093802822478,23595.71,24016.23,1.1019,7.91
2025-09-24,23774.35,23900.76,23477.66,23758.75,102889149,0.08049827208838067,23576.95,24001.51,1.0992,7.99
2025-09-25,23301.09,23414.72,23251.66,23349.78,85932792,-1.721344767717159,23548.57,23988.99,1.0857,6.14
2025-09-26,23464.77,23701.31,23443.95,23554.92,60411044,0.8785521747956437,23548.61,23976.13,1.0849,7.07
2025-09-29,24057.49,24187.29,23965.57,24020.58,96644087,1.9769118298852417,23624.65,23976.54,1.1451,9.18
2025-09-30,24155.93,24240.43,23889.07,24071.43,90432044,0.21169347284701878,23704.07,23981.48,1.1436,9.42
2025-10-01,24245.42,24248.36,24017.61,24141.22,94847840,0.28992876617632835,23805.19,23978.6,1.1205,9.73
2025-10-02,24078.13,24039.54,23809.58,23964.87,71915398,-0.7304933222099019,23837.36,23964.38,1.1205,8.93
2025-10-03,23986.87,23925.17,23710.75,23919.62,40395774,-0.18881804908601474,23860.35,23932.12,1.049,8.73
2025-10-06,23967.48,24134.71,23997.32,24054.15,107232789,0.5624253228103226,23960.97,23915.65,1.0296,9.34
2025-10-07,24427.86,24505.57,24017.22,24341.91,34858372,1.1963008462157143,24073.4,23919.26,1.0278,10.65
2025-10-08,24440.38,24563.09,24180.54,24464.85,119601934,0.505054862169807,24136.86,23935.95,1.0086,11.2
2025-10-09,24984.05,24991.13,24860.55,24926.74,63104381,1.8879739708193677,24259.05,23969.89,1.0594,13.3
2025-10-10,24973.14,25023.42,24834.83,24965.33,22066776,0.1548136659667465,24376.78,23991.92,1.0202,13.48
2025-10-13,24778.11,24735.96,24489.03,24696.95,113203255,-1.0750108250121349,24481.36,24009.64,1.0356,12.26
2025-10-14,24420.38,24640.48,23937.68,24438.59,88442673,-1.0461210797284681,24555.5,24023.19,1.0498,11.08
2025-10-15,24647.74,24792.64,24666.19,24756.22,108001141,1.2997067343083257,24655.8,24043.52,1.0715,12.53
2025-10-16,25035.48,25351.98,24970.71,25021.26,111145593,1.0705996311229926,24752.85,24065.39,1.0763,13.73
2025-10-17,24539.48,24708.33,24143.39,24620.41,90195259,-1.6020376272018244,24775.07,24091.77,1.0372,11.91
